1|1|https://cf.bstatic.com/xdata/images/hotel/max1280x900/332002213.jpg?k=37d34e552827a2e9a4f3856c825b754a59ee838b6a4f87fab4d1786407d71c35&o=&hp=1
2|1|https://cf.bstatic.com/xdata/images/hotel/max1280x900/332000904.jpg?k=6e72b3f1bb101e13bfaa97b2dd92d65dd5c95621b8d4dc301a5a92f7d73f0e28&o=&hp=1
3|2|https://cf.bstatic.com/xdata/images/hotel/max1280x900/271502309.jpg?k=9613a58db12918174ae2df3481bdeee273c2a660f1aa65e8da5351ef9cca654b&o=&hp=1
4|2|https://cf.bstatic.com/xdata/images/hotel/max1280x900/149428223.jpg?k=8c37cfe3e61f851fd13aabb58b29d901f4ff4d77d22711179c4f304936f11e02&o=&hp=1
5|3|https://macleans.ca/wp-content/uploads/2022/06/1.jpg
6|4|https://st.hzcdn.com/simgs/pictures/exteriors/lawless-rereat-searl-lamaster-howe-architects-img~10813d490e6aeb3b_4-9270-1-2da1675.jpg
7|8|url11
8|8|url12
9|9|urll
10|9|urlll
13|4|https://www.vigvamija.com/3316-large_default/cvet-bozura-poster-iz-serije-moja-basta-art-p-0722.jpg
14|1|kkk
15|10|slika1