1|1|../../Resources/Images/prague.jpg
2|1|https://macleans.ca/wp-content/uploads/2022/06/1.jpg
3|2|https://cf.bstatic.com/xdata/images/hotel/max1280x900/332002213.jpg?k=37d34e552827a2e9a4f3856c825b754a59ee838b6a4f87fab4d1786407d71c35&o=&hp=1
4|2|../../Resources/Images/paris.jpg
5|3|https://media-cdn.tripadvisor.com/media/attractions-splice-spp-720x480/06/71/12/6d.jpg
6|3|https://cf.bstatic.com/xdata/images/hotel/max1280x900/332002213.jpg?k=37d34e552827a2e9a4f3856c825b754a59ee838b6a4f87fab4d1786407d71c35&o=&hp=1
7|3|https://cf.bstatic.com/xdata/images/hotel/max1280x900/332002213.jpg?k=37d34e552827a2e9a4f3856c825b754a59ee838b6a4f87fab4d1786407d71c35&o=&hp=1
8|7|https://cf.bstatic.com/xdata/images/hotel/max1280x900/332002213.jpg?k=37d34e552827a2e9a4f3856c825b754a59ee838b6a4f87fab4d1786407d71c35&o=&hp=1
9|8|https://cf.bstatic.com/xdata/images/hotel/max1280x900/332002213.jpg?k=37d34e552827a2e9a4f3856c825b754a59ee838b6a4f87fab4d1786407d71c35&o=&hp=1
10|9|https://cf.bstatic.com/xdata/images/hotel/max1280x900/332002213.jpg?k=37d34e552827a2e9a4f3856c825b754a59ee838b6a4f87fab4d1786407d71c35&o=&hp=1
11|8|https://cf.bstatic.com/xdata/images/hotel/max1280x900/332002213.jpg?k=37d34e552827a2e9a4f3856c825b754a59ee838b6a4f87fab4d1786407d71c35&o=&hp=1
12|8|https://cf.bstatic.com/xdata/images/hotel/max1280x900/332002213.jpg?k=37d34e552827a2e9a4f3856c825b754a59ee838b6a4f87fab4d1786407d71c35&o=&hp=1
13|1|https://cf.bstatic.com/xdata/images/hotel/max1280x900/332002213.jpg?k=37d34e552827a2e9a4f3856c825b754a59ee838b6a4f87fab4d1786407d71c35&o=&hp=1
14|1|https://cf.bstatic.com/xdata/images/hotel/max1280x900/332002213.jpg?k=37d34e552827a2e9a4f3856c825b754a59ee838b6a4f87fab4d1786407d71c35&o=&hp=1
15|2|https://cf.bstatic.com/xdata/images/hotel/max1280x900/332002213.jpg?k=37d34e552827a2e9a4f3856c825b754a59ee838b6a4f87fab4d1786407d71c35&o=&hp=1
16|3|https://cf.bstatic.com/xdata/images/hotel/max1280x900/332002213.jpg?k=37d34e552827a2e9a4f3856c825b754a59ee838b6a4f87fab4d1786407d71c35&o=&hp=1
17|4|https://macleans.ca/wp-content/uploads/2022/06/1.jpg
18|5|https://st.hzcdn.com/simgs/pictures/exteriors/lawless-rereat-searl-lamaster-howe-architects-img~10813d490e6aeb3b_4-9270-1-2da1675.jpg
20|7|https://st.hzcdn.com/simgs/pictures/exteriors/lawless-rereat-searl-lamaster-howe-architects-img~10813d490e6aeb3b_4-9270-1-2da1675.jpg
21|0|https://www.spiritstyle.rs/wp-content/uploads/2021/04/zajedno-.jpg
22|0|https://i.ytimg.com/vi/ih035ye0vM0/hqdefault.jpg
23|0|https://i.ytimg.com/vi/yHJYBQ-6zE0/hqdefault.jpg
24|0|https://cdn.dribbble.com/users/2766124/screenshots/15053245/media/5d6bf27dd95c1c78e2c5916d236a4f18.jpg?compress=1&resize=400x300&vertical=top
25|5|../../Resources/Images/prague.jpg
26|12|../../Resources/Images/sreckoMrk.jpg
27|13|https://cdn.dribbble.com/users/2766124/screenshots/15053245/media/5d6bf27dd95c1c78e2c5916d236a4f18.jpg?compress=1&resize=400x300&vertical=top
28|14|../../Resources/Images/prague.jpg
